例：一个商品，由两个厂家生产，生产出相同的产品，但是两个厂家的售价不一样，那么，在购买的时候，一定要限定以下品牌才能准确得知自己需要花多少钱。

# WHERE子句

WHERE子句对检索的信息进行筛选，将符合WHERE条件的信息输出。

```
mysql> select * from test;
+----+--------+
| id | demo   |
+----+--------+
|  1 | 11111  |
|  2 | 11125  |
|  3 | 11111  |
|  4 | 111258 |
+----+--------+
4 rows in set (0.00 sec)

mysql> select * from test
    -> where demo = 11125;
+----+-------+
| id | demo  |
+----+-------+
|  2 | 11125 |
+----+-------+
1 row in set (0.00 sec)
```

WHERE后可以写成判断式，比如：

```
mysql> select * from test
    -> where demo < 11125;
+----+-------+
| id | demo  |
+----+-------+
|  1 | 11111 |
|  3 | 11111 |
+----+-------+
2 rows in set (0.00 sec)
```

# 不包含逻辑

一个连续集合中，取一个零点，那么这个集合的连续就被打断成两个连续的子集合。两个子集的并集刚好排除了零点。

在筛选数据时，刨除某一个数据。每个数据之间都是有数学关系的。如果两个数据不相同，则必然不能成立等式。所以，使用<>就可以输出除某元素以外的数据。

```
mysql> select * from test
    -> where demo <> 11125;
+----+--------+
| id | demo   |
+----+--------+
|  1 | 11111  |
|  3 | 11111  |
|  4 | 111258 |
+----+--------+
3 rows in set (0.00 sec)
```

# 区域筛选

BETWEEN时区间，常用BETWEEN和AND成对出现。

```
mysql> select * from test
    -> where demo between 10000 and 50000;
+----+-------+
| id | demo  |
+----+-------+
|  1 | 11111 |
|  2 | 11125 |
|  3 | 11111 |
+----+-------+
3 rows in set (0.00 sec)
```

# 空值筛选

数据库可能会存在空数据。空数据无法直接用等式判断，只能使用IS NULL进行判断。

# 数据过滤的逻辑操作

数据操作也会由数据的逻辑操作，所以MySQL也提供了与或非的条件子句。

```
mysql> SELECT * FROM test
    -> WHERE id=2 AND demo=11125;
+----+-------+
| id | demo  |
+----+-------+
|  2 | 11125 |
+----+-------+
1 row in set (0.00 sec)

mysql> SELECT * FROM test
    -> WHERE id=3 OR demo=11125;
+----+-------+
| id | demo  |
+----+-------+
|  2 | 11125 |
|  3 | 11111 |
+----+-------+
2 rows in set (0.00 sec)
```

可以使用IN语句对数据范围做筛选

```
mysql> SELECT * FROM test
    -> WHERE id IN (2,3);
+----+-------+
| id | demo  |
+----+-------+
|  2 | 11125 |
|  3 | 11111 |
+----+-------+
2 rows in set (0.00 sec)

mysql> SELECT * FROM test
    -> WHERE id>=2 AND ID<=3;
+----+-------+
| id | demo  |
+----+-------+
|  2 | 11125 |
|  3 | 11111 |
+----+-------+
2 rows in set (0.00 sec)

mysql> SELECT * FROM test
    -> WHERE id NOT IN (2,3);
+----+--------+
| id | demo   |
+----+--------+
|  1 | 11111  |
|  4 | 111258 |
+----+--------+
2 rows in set (0.00 sec)
```

前边学过使用运算符号进行筛选，这里可以等效代换，实现的功能是相同的。

有NOT语句，和IN成对出现，可以根据字面来理解这个语句。